{"Light": [{"position": [7.769396004504362, 7.613696020626115, -5.7767923345303895], "material": {"ambient": [0.9330622160505685, 0.3415062413977381, 0.10455975399088491], "specular": [0.32896180477781733, 0.6082323418126712, 0.6628200720838647], "diffuse": [0.30926827318253025, 0.7385976535353547, 0.2421962519630677]}}, {"position": [-9.470929950411834, -1.4133393019227327, 5.452252099049977], "material": {"ambient": [0.5188674683476884, 0.9426163987222056, 0.28323844767770767], "specular": [0.7658700728200787, 0.358158054158096, 0.6967663254898264], "diffuse": [0.3339318531049932, 0.4166370124026517, 0.7686805384165005]}}, {"position": [2.683231284425297, 6.899267672635062, 2.143480572634884], "material": {"ambient": [0.5841209026774961, 0.49029398076011543, 0.05984195573907691], "specular": [0.7473877686606453, 0.40433241673558507, 0.37317747655771283], "diffuse": [0.11928704966215031, 0.6964301974505624, 0.9955422664485882]}}]}
